id,client_id,room_number,start_date,end_date,no_of persons
1,1270,21,6/23/2020,6/28/2020,1
2,1229,18,7/6/2020,7/11/2020,1
3,315,11,7/1/2020,7/5/2020,1
4,71,5,6/9/2020,6/12/2020,2
5,828,21,6/5/2020,6/6/2020,1
6,699,32,6/10/2020,6/14/2020,2
7,594,21,7/10/2020,7/13/2020,1
8,683,23,6/15/2020,6/16/2020,1
9,319,24,5/30/2020,6/2/2020,1
10,1392,10,6/9/2020,6/14/2020,1
11,768,19,5/26/2020,5/28/2020,1
12,1040,16,6/26/2020,6/27/2020,1
13,1376,12,6/3/2020,6/4/2020,2
14,845,18,7/14/2020,7/15/2020,2
16,898,32,6/11/2020,6/13/2020,2
17,1107,12,6/14/2020,6/19/2020,1
18,1356,27,7/14/2020,7/19/2020,1
19,47,3,5/12/2020,5/17/2020,1
20,203,11,6/28/2020,7/3/2020,1
21,1090,16,6/10/2020,6/11/2020,1
22,1282,22,6/23/2020,6/24/2020,1
23,1020,31,5/18/2020,5/23/2020,2
24,795,19,7/18/2020,7/22/2020,1
25,1167,9,7/7/2020,7/9/2020,1
26,604,16,5/1/2020,5/5/2020,1
27,1055,29,6/13/2020,6/14/2020,1
28,1118,23,6/4/2020,6/6/2020,2
29,1104,6,5/7/2020,5/10/2020,1
30,15,31,7/2/2020,7/4/2020,1
31,561,5,7/28/2020,7/29/2020,1
32,192,5,7/11/2020,7/16/2020,2
33,1,23,6/8/2020,6/11/2020,1
34,1305,5,5/15/2020,5/17/2020,1
35,663,3,6/28/2020,6/29/2020,1
36,919,5,6/12/2020,6/16/2020,2
37,976,27,6/29/2020,7/1/2020,2
38,493,21,7/29/2020,8/1/2020,2
40,537,5,6/16/2020,6/21/2020,1
41,162,11,5/29/2020,6/2/2020,1
43,100,22,5/23/2020,5/28/2020,1
44,1325,18,6/19/2020,6/24/2020,2
45,784,10,7/17/2020,7/18/2020,1
46,614,1,7/6/2020,7/10/2020,1
47,114,7,5/30/2020,5/31/2020,1
48,252,31,6/26/2020,6/29/2020,1
49,550,3,7/25/2020,7/28/2020,2
50,784,19,7/27/2020,8/1/2020,1
51,497,22,6/26/2020,6/30/2020,1
52,824,20,6/10/2020,6/13/2020,2
53,423,3,6/7/2020,6/8/2020,1
54,345,32,6/22/2020,6/26/2020,1
55,1273,7,6/15/2020,6/17/2020,2
56,250,24,7/13/2020,7/16/2020,2
57,1311,29,7/30/2020,8/3/2020,2
58,103,29,5/2/2020,5/5/2020,1
59,1381,25,6/7/2020,6/11/2020,1
60,983,6,5/9/2020,5/11/2020,1
61,915,29,7/11/2020,7/16/2020,2
62,1367,23,5/3/2020,5/7/2020,1
63,7,21,6/16/2020,6/17/2020,2
64,1382,14,7/12/2020,7/13/2020,2
65,1213,16,6/30/2020,7/2/2020,1
66,906,27,6/7/2020,6/10/2020,1
67,1247,16,7/30/2020,8/1/2020,1
68,1237,15,5/01/2020,5/5/2020,2
69,1020,1,5/3/2020,5/7/2020,2
70,943,17,6/21/2020,6/23/2020,1
71,574,32,7/2/2020,7/6/2020,1
72,1220,2,5/6/2020,5/7/2020,1
73,1287,1,7/16/2020,7/20/2020,2
74,54,31,5/22/2020,5/26/2020,1
75,68,20,7/7/2020,7/12/2020,1
77,232,28,7/15/2020,7/19/2020,1
78,495,12,6/6/2020,6/11/2020,1
79,1306,17,6/22/2020,6/26/2020,1
80,834,19,6/18/2020,6/23/2020,1
81,541,17,7/8/2020,7/10/2020,1
82,1190,22,7/15/2020,7/18/2020,1
83,835,27,7/21/2020,7/22/2020,2
84,191,27,5/10/2020,5/14/2020,1
85,861,15,6/17/2020,6/19/2020,1
86,1128,6,5/9/2020,5/11/2020,2
87,701,7,7/11/2020,7/14/2020,2
88,1253,3,5/8/2020,5/10/2020,1
89,882,8,6/19/2020,6/20/2020,2
90,620,16,7/30/2020,8/2/2020,1
91,514,25,6/26/2020,7/1/2020,1
92,1311,9,5/1/2020,5/4/2020,1
93,369,26,5/12/2020,5/15/2020,2
94,69,32,6/4/2020,6/5/2020,1
95,610,24,6/20/2020,6/22/2020,2
96,280,6,6/5/2020,6/10/2020,1
97,197,8,5/21/2020,5/26/2020,1
98,535,2,6/9/2020,6/12/2020,1
99,325,2,7/31/2020,8/3/2020,1
100,1115,31,7/29/2020,8/2/2020,2
101,372,15,5/24/2020,5/26/2020,2
102,91,4,6/13/2020,6/14/2020,2
103,942,6,6/29/2020,7/2/2020,1
104,1098,2,5/24/2020,5/28/2020,1
105,629,22,6/14/2020,6/16/2020,1
106,828,16,5/24/2020,5/27/2020,1
107,239,4,5/8/2020,5/13/2020,1
108,668,29,6/7/2020,6/9/2020,2
109,291,22,7/1/2020,7/3/2020,1
110,170,28,5/27/2020,5/30/2020,2
111,505,25,6/1/2020,6/4/2020,2
112,29,5,6/18/2020,6/23/2020,2
113,1231,27,6/20/2020,6/23/2020,2
114,1329,32,7/11/2020,7/16/2020,2
115,1259,27,7/9/2020,7/13/2020,2
116,148,14,6/18/2020,6/20/2020,1
117,670,2,6/1/2020,6/2/2020,1
118,1219,2,6/26/2020,6/27/2020,1
119,288,25,6/28/2020,6/30/2020,1
120,709,7,6/26/2020,6/29/2020,2
121,273,12,5/29/2020,6/3/2020,1
122,311,24,5/28/2020,5/29/2020,2
123,647,1,5/29/2020,5/30/2020,1
124,195,10,7/23/2020,7/25/2020,1
125,1380,12,7/1/2020,7/5/2020,2
126,99,29,7/15/2020,7/16/2020,2
127,1391,20,5/4/2020,5/5/2020,1
128,1351,10,6/30/2020,7/1/2020,1
129,396,19,7/26/2020,7/28/2020,1
130,84,17,5/14/2020,5/17/2020,2
131,896,32,5/14/2020,5/15/2020,2
132,555,6,7/9/2020,7/12/2020,1
133,835,29,6/14/2020,6/16/2020,1
134,502,21,5/24/2020,5/26/2020,1
135,1233,22,5/4/2020,5/6/2020,1
136,682,17,5/01/2020,5/4/2020,2
137,1016,26,5/17/2020,5/19/2020,1
138,59,9,5/01/2020,5/4/2020,1
139,115,28,7/31/2020,8/1/2020,2
140,178,20,5/15/2020,5/20/2020,2
141,234,24,5/01/2020,5/5/2020,1
142,1350,32,6/2/2020,6/4/2020,2
143,721,4,7/19/2020,7/21/2020,2
144,611,16,7/10/2020,7/13/2020,1
146,445,20,7/12/2020,7/14/2020,2
147,997,12,7/10/2020,7/14/2020,2
148,299,15,5/15/2020,5/17/2020,1
149,426,1,5/19/2020,5/22/2020,2
150,324,23,7/28/2020,7/30/2020,2
151,1245,21,6/27/2020,6/28/2020,1
152,561,27,6/13/2020,6/16/2020,2
153,771,30,7/17/2020,7/19/2020,1
154,1261,28,5/4/2020,5/8/2020,1
155,723,25,7/24/2020,7/27/2020,2
157,1269,15,6/24/2020,6/25/2020,1
158,413,4,5/29/2020,6/1/2020,2
159,827,17,7/10/2020,7/12/2020,2
160,1083,21,5/21/2020,5/26/2020,2
161,153,27,6/21/2020,6/25/2020,1
162,873,17,7/12/2020,7/14/2020,1
163,544,27,7/9/2020,7/13/2020,1
164,717,6,7/18/2020,7/21/2020,1
165,240,28,5/1/2020,5/6/2020,2
166,153,19,5/1/2020,5/3/2020,1
167,1060,16,6/8/2020,6/13/2020,1
168,902,12,7/3/2020,7/6/2020,1
169,432,17,6/26/2020,7/1/2020,2
170,196,31,6/24/2020,6/27/2020,2
171,599,9,6/27/2020,7/1/2020,1
172,347,27,7/8/2020,7/13/2020,2
173,884,3,7/8/2020,7/11/2020,1
174,676,31,5/28/2020,5/31/2020,2
175,464,23,6/30/2020,7/2/2020,2
176,247,29,7/15/2020,7/17/2020,2
177,419,6,6/2/2020,6/7/2020,2
178,778,30,6/19/2020,6/23/2020,1
179,161,23,5/24/2020,5/25/2020,1
180,1293,23,7/6/2020,7/11/2020,1
181,1015,25,5/9/2020,5/11/2020,2
182,1061,4,7/18/2020,7/19/2020,1
183,1219,10,6/22/2020,6/27/2020,1
184,1277,21,5/10/2020,5/12/2020,2
185,244,19,5/9/2020,5/11/2020,1
186,167,14,6/18/2020,6/23/2020,2
187,1278,16,6/17/2020,6/18/2020,1
188,1283,25,6/21/2020,6/24/2020,2
189,33,3,7/22/2020,7/25/2020,1
190,292,27,6/7/2020,6/9/2020,1
191,826,2,7/14/2020,7/18/2020,1
192,803,5,6/18/2020,6/21/2020,1
193,716,23,5/9/2020,5/12/2020,1
194,189,23,7/3/2020,7/7/2020,2
195,859,5,5/26/2020,5/28/2020,2
196,404,23,5/20/2020,5/25/2020,2
197,361,6,5/15/2020,5/20/2020,2
198,631,27,5/29/2020,6/2/2020,2
199,923,22,5/20/2020,5/25/2020,1
200,848,5,5/1/2020,5/4/2020,2
